<?xml version="1.0" encoding="UTF-8"?>
<metadata xml:lang="fr"><Esri><CreaDate>20220616</CreaDate><CreaTime>09210200</CreaTime><ArcGISFormat>1.0</ArcGISFormat><ArcGISstyle>ISO 19139 Metadata Implementation Specification</ArcGISstyle><SyncOnce>TRUE</SyncOnce><DataProperties><lineage><Process ToolSource="c:\program files (x86)\arcgis\desktop10.5\ArcToolbox\Toolboxes\Data Management Tools.tbx\CalculateField" Date="20220111" Time="181219">CalculateField vecteur.mtp_education.Secteurs_Maternelles_rentree2021 nom "Louis Figuier" VB #</Process><Process ToolSource="c:\program files (x86)\arcgis\desktop10.5\ArcToolbox\Toolboxes\Data Management Tools.tbx\CalculateField" Date="20220111" Time="181735">CalculateField vecteur.mtp_education.Secteurs_Maternelles_rentree2021 nom "Alphonse Daudet" VB #</Process><Process ToolSource="c:\program files (x86)\arcgis\desktop10.5\ArcToolbox\Toolboxes\Data Management Tools.tbx\CalculateField" Date="20220111" Time="183534">CalculateField vecteur.mtp_education.Secteurs_Maternelles_rentree2021 nom "Simone Signoret" VB #</Process></lineage></DataProperties></Esri></metadata>
